experiment,variant,arraySize,threads,threshold,run,millis,sum,correct
baseline,sequential,100000000,1,0,1,37,449976342,true
baseline,sequential,100000000,1,0,2,37,449976342,true
baseline,sequential,100000000,1,0,3,37,449976342,true
baseline,sequential,100000000,1,0,4,37,449976342,true
baseline,sequential,100000000,1,0,5,38,449976342,true
threads,concurrent-synchronized,100000000,1,0,1,38,449976342,true
threads,concurrent-synchronized,100000000,1,0,2,37,449976342,true
threads,concurrent-synchronized,100000000,1,0,3,40,449976342,true
threads,concurrent-synchronized,100000000,1,0,4,38,449976342,true
threads,concurrent-synchronized,100000000,1,0,5,37,449976342,true
threads,concurrent-localsums,100000000,1,0,1,38,449976342,true
threads,concurrent-localsums,100000000,1,0,2,37,449976342,true
threads,concurrent-localsums,100000000,1,0,3,37,449976342,true
threads,concurrent-localsums,100000000,1,0,4,38,449976342,true
threads,concurrent-localsums,100000000,1,0,5,37,449976342,true
threads,concurrent-synchronized,100000000,2,0,1,48,449976342,true
threads,concurrent-synchronized,100000000,2,0,2,44,449976342,true
threads,concurrent-synchronized,100000000,2,0,3,39,449976342,true
threads,concurrent-synchronized,100000000,2,0,4,41,449976342,true
threads,concurrent-synchronized,100000000,2,0,5,40,449976342,true
threads,concurrent-localsums,100000000,2,0,1,26,449976342,true
threads,concurrent-localsums,100000000,2,0,2,36,449976342,true
threads,concurrent-localsums,100000000,2,0,3,26,449976342,true
threads,concurrent-localsums,100000000,2,0,4,20,449976342,true
threads,concurrent-localsums,100000000,2,0,5,20,449976342,true
threads,concurrent-synchronized,100000000,3,0,1,37,449976342,true
threads,concurrent-synchronized,100000000,3,0,2,37,449976342,true
threads,concurrent-synchronized,100000000,3,0,3,37,449976342,true
threads,concurrent-synchronized,100000000,3,0,4,37,449976342,true
threads,concurrent-synchronized,100000000,3,0,5,37,449976342,true
threads,concurrent-localsums,100000000,3,0,1,15,449976342,true
threads,concurrent-localsums,100000000,3,0,2,80,449976342,true
threads,concurrent-localsums,100000000,3,0,3,24,449976342,true
threads,concurrent-localsums,100000000,3,0,4,14,449976342,true
threads,concurrent-localsums,100000000,3,0,5,14,449976342,true
threads,concurrent-synchronized,100000000,4,0,1,37,449976342,true
threads,concurrent-synchronized,100000000,4,0,2,37,449976342,true
threads,concurrent-synchronized,100000000,4,0,3,37,449976342,true
threads,concurrent-synchronized,100000000,4,0,4,37,449976342,true
threads,concurrent-synchronized,100000000,4,0,5,38,449976342,true
threads,concurrent-localsums,100000000,4,0,1,10,449976342,true
threads,concurrent-localsums,100000000,4,0,2,10,449976342,true
threads,concurrent-localsums,100000000,4,0,3,9,449976342,true
threads,concurrent-localsums,100000000,4,0,4,10,449976342,true
threads,concurrent-localsums,100000000,4,0,5,11,449976342,true
threads,concurrent-synchronized,100000000,6,0,1,232,449976342,true
threads,concurrent-synchronized,100000000,6,0,2,58,449976342,true
threads,concurrent-synchronized,100000000,6,0,3,52,449976342,true
threads,concurrent-synchronized,100000000,6,0,4,43,449976342,true
threads,concurrent-synchronized,100000000,6,0,5,46,449976342,true
threads,concurrent-localsums,100000000,6,0,1,8,449976342,true
threads,concurrent-localsums,100000000,6,0,2,12,449976342,true
threads,concurrent-localsums,100000000,6,0,3,9,449976342,true
threads,concurrent-localsums,100000000,6,0,4,9,449976342,true
threads,concurrent-localsums,100000000,6,0,5,8,449976342,true
threads,concurrent-synchronized,100000000,8,0,1,72,449976342,true
threads,concurrent-synchronized,100000000,8,0,2,42,449976342,true
threads,concurrent-synchronized,100000000,8,0,3,39,449976342,true
threads,concurrent-synchronized,100000000,8,0,4,40,449976342,true
threads,concurrent-synchronized,100000000,8,0,5,38,449976342,true
threads,concurrent-localsums,100000000,8,0,1,10,449976342,true
threads,concurrent-localsums,100000000,8,0,2,11,449976342,true
threads,concurrent-localsums,100000000,8,0,3,12,449976342,true
threads,concurrent-localsums,100000000,8,0,4,17,449976342,true
threads,concurrent-localsums,100000000,8,0,5,11,449976342,true
threads,concurrent-synchronized,100000000,12,0,1,41,449976342,true
threads,concurrent-synchronized,100000000,12,0,2,41,449976342,true
threads,concurrent-synchronized,100000000,12,0,3,39,449976342,true
threads,concurrent-synchronized,100000000,12,0,4,38,449976342,true
threads,concurrent-synchronized,100000000,12,0,5,37,449976342,true
threads,concurrent-localsums,100000000,12,0,1,7,449976342,true
threads,concurrent-localsums,100000000,12,0,2,9,449976342,true
threads,concurrent-localsums,100000000,12,0,3,7,449976342,true
threads,concurrent-localsums,100000000,12,0,4,7,449976342,true
threads,concurrent-localsums,100000000,12,0,5,7,449976342,true
threads,concurrent-synchronized,100000000,16,0,1,52,449976342,true
threads,concurrent-synchronized,100000000,16,0,2,41,449976342,true
threads,concurrent-synchronized,100000000,16,0,3,42,449976342,true
threads,concurrent-synchronized,100000000,16,0,4,58,449976342,true
threads,concurrent-synchronized,100000000,16,0,5,38,449976342,true
threads,concurrent-localsums,100000000,16,0,1,5,449976342,true
threads,concurrent-localsums,100000000,16,0,2,5,449976342,true
threads,concurrent-localsums,100000000,16,0,3,5,449976342,true
threads,concurrent-localsums,100000000,16,0,4,5,449976342,true
threads,concurrent-localsums,100000000,16,0,5,8,449976342,true
threads,concurrent-synchronized,100000000,24,0,1,38,449976342,true
threads,concurrent-synchronized,100000000,24,0,2,37,449976342,true
threads,concurrent-synchronized,100000000,24,0,3,38,449976342,true
threads,concurrent-synchronized,100000000,24,0,4,38,449976342,true
threads,concurrent-synchronized,100000000,24,0,5,38,449976342,true
threads,concurrent-localsums,100000000,24,0,1,6,449976342,true
threads,concurrent-localsums,100000000,24,0,2,7,449976342,true
threads,concurrent-localsums,100000000,24,0,3,6,449976342,true
threads,concurrent-localsums,100000000,24,0,4,6,449976342,true
threads,concurrent-localsums,100000000,24,0,5,13,449976342,true
threshold,parallel-forkjoin,100000000,11,1000,1,25,449976342,true
threshold,parallel-forkjoin,100000000,11,1000,2,27,449976342,true
threshold,parallel-forkjoin,100000000,11,1000,3,28,449976342,true
threshold,parallel-forkjoin,100000000,11,1000,4,26,449976342,true
threshold,parallel-forkjoin,100000000,11,1000,5,11,449976342,true
threshold,parallel-forkjoin,100000000,11,10000,1,7,449976342,true
threshold,parallel-forkjoin,100000000,11,10000,2,7,449976342,true
threshold,parallel-forkjoin,100000000,11,10000,3,21,449976342,true
threshold,parallel-forkjoin,100000000,11,10000,4,13,449976342,true
threshold,parallel-forkjoin,100000000,11,10000,5,14,449976342,true
threshold,parallel-forkjoin,100000000,11,100000,1,10,449976342,true
threshold,parallel-forkjoin,100000000,11,100000,2,8,449976342,true
threshold,parallel-forkjoin,100000000,11,100000,3,6,449976342,true
threshold,parallel-forkjoin,100000000,11,100000,4,8,449976342,true
threshold,parallel-forkjoin,100000000,11,100000,5,7,449976342,true
threshold,parallel-forkjoin,100000000,11,1000000,1,6,449976342,true
threshold,parallel-forkjoin,100000000,11,1000000,2,7,449976342,true
threshold,parallel-forkjoin,100000000,11,1000000,3,6,449976342,true
threshold,parallel-forkjoin,100000000,11,1000000,4,6,449976342,true
threshold,parallel-forkjoin,100000000,11,1000000,5,6,449976342,true
threshold,parallel-forkjoin,100000000,11,10000000,1,7,449976342,true
threshold,parallel-forkjoin,100000000,11,10000000,2,8,449976342,true
threshold,parallel-forkjoin,100000000,11,10000000,3,8,449976342,true
threshold,parallel-forkjoin,100000000,11,10000000,4,8,449976342,true
threshold,parallel-forkjoin,100000000,11,10000000,5,7,449976342,true
threshold,parallel-forkjoin,100000000,11,100000000,1,37,449976342,true
threshold,parallel-forkjoin,100000000,11,100000000,2,37,449976342,true
threshold,parallel-forkjoin,100000000,11,100000000,3,37,449976342,true
threshold,parallel-forkjoin,100000000,11,100000000,4,37,449976342,true
threshold,parallel-forkjoin,100000000,11,100000000,5,37,449976342,true
threshold,parallel-forkjoin,100000000,11,200000000,1,37,449976342,true
threshold,parallel-forkjoin,100000000,11,200000000,2,37,449976342,true
threshold,parallel-forkjoin,100000000,11,200000000,3,37,449976342,true
threshold,parallel-forkjoin,100000000,11,200000000,4,38,449976342,true
threshold,parallel-forkjoin,100000000,11,200000000,5,38,449976342,true
baseline,sequential,200000000,1,0,1,75,900035998,true
baseline,sequential,200000000,1,0,2,75,900035998,true
baseline,sequential,200000000,1,0,3,76,900035998,true
baseline,sequential,200000000,1,0,4,75,900035998,true
baseline,sequential,200000000,1,0,5,75,900035998,true
threads,concurrent-synchronized,200000000,1,0,1,74,900035998,true
threads,concurrent-synchronized,200000000,1,0,2,75,900035998,true
threads,concurrent-synchronized,200000000,1,0,3,75,900035998,true
threads,concurrent-synchronized,200000000,1,0,4,75,900035998,true
threads,concurrent-synchronized,200000000,1,0,5,76,900035998,true
threads,concurrent-localsums,200000000,1,0,1,75,900035998,true
threads,concurrent-localsums,200000000,1,0,2,75,900035998,true
threads,concurrent-localsums,200000000,1,0,3,75,900035998,true
threads,concurrent-localsums,200000000,1,0,4,76,900035998,true
threads,concurrent-localsums,200000000,1,0,5,82,900035998,true
threads,concurrent-synchronized,200000000,2,0,1,84,900035998,true
threads,concurrent-synchronized,200000000,2,0,2,75,900035998,true
threads,concurrent-synchronized,200000000,2,0,3,75,900035998,true
threads,concurrent-synchronized,200000000,2,0,4,74,900035998,true
threads,concurrent-synchronized,200000000,2,0,5,74,900035998,true
threads,concurrent-localsums,200000000,2,0,1,37,900035998,true
threads,concurrent-localsums,200000000,2,0,2,37,900035998,true
threads,concurrent-localsums,200000000,2,0,3,37,900035998,true
threads,concurrent-localsums,200000000,2,0,4,39,900035998,true
threads,concurrent-localsums,200000000,2,0,5,40,900035998,true
threads,concurrent-synchronized,200000000,3,0,1,75,900035998,true
threads,concurrent-synchronized,200000000,3,0,2,75,900035998,true
threads,concurrent-synchronized,200000000,3,0,3,74,900035998,true
threads,concurrent-synchronized,200000000,3,0,4,111,900035998,true
threads,concurrent-synchronized,200000000,3,0,5,82,900035998,true
threads,concurrent-localsums,200000000,3,0,1,25,900035998,true
threads,concurrent-localsums,200000000,3,0,2,25,900035998,true
threads,concurrent-localsums,200000000,3,0,3,25,900035998,true
threads,concurrent-localsums,200000000,3,0,4,25,900035998,true
threads,concurrent-localsums,200000000,3,0,5,25,900035998,true
threads,concurrent-synchronized,200000000,4,0,1,74,900035998,true
threads,concurrent-synchronized,200000000,4,0,2,74,900035998,true
threads,concurrent-synchronized,200000000,4,0,3,74,900035998,true
threads,concurrent-synchronized,200000000,4,0,4,77,900035998,true
threads,concurrent-synchronized,200000000,4,0,5,75,900035998,true
threads,concurrent-localsums,200000000,4,0,1,19,900035998,true
threads,concurrent-localsums,200000000,4,0,2,18,900035998,true
threads,concurrent-localsums,200000000,4,0,3,19,900035998,true
threads,concurrent-localsums,200000000,4,0,4,19,900035998,true
threads,concurrent-localsums,200000000,4,0,5,19,900035998,true
threads,concurrent-synchronized,200000000,6,0,1,74,900035998,true
threads,concurrent-synchronized,200000000,6,0,2,75,900035998,true
threads,concurrent-synchronized,200000000,6,0,3,75,900035998,true
threads,concurrent-synchronized,200000000,6,0,4,75,900035998,true
threads,concurrent-synchronized,200000000,6,0,5,74,900035998,true
threads,concurrent-localsums,200000000,6,0,1,13,900035998,true
threads,concurrent-localsums,200000000,6,0,2,13,900035998,true
threads,concurrent-localsums,200000000,6,0,3,13,900035998,true
threads,concurrent-localsums,200000000,6,0,4,13,900035998,true
threads,concurrent-localsums,200000000,6,0,5,13,900035998,true
threads,concurrent-synchronized,200000000,8,0,1,77,900035998,true
threads,concurrent-synchronized,200000000,8,0,2,75,900035998,true
threads,concurrent-synchronized,200000000,8,0,3,75,900035998,true
threads,concurrent-synchronized,200000000,8,0,4,75,900035998,true
threads,concurrent-synchronized,200000000,8,0,5,74,900035998,true
threads,concurrent-localsums,200000000,8,0,1,10,900035998,true
threads,concurrent-localsums,200000000,8,0,2,12,900035998,true
threads,concurrent-localsums,200000000,8,0,3,12,900035998,true
threads,concurrent-localsums,200000000,8,0,4,11,900035998,true
threads,concurrent-localsums,200000000,8,0,5,12,900035998,true
threads,concurrent-synchronized,200000000,12,0,1,75,900035998,true
threads,concurrent-synchronized,200000000,12,0,2,75,900035998,true
threads,concurrent-synchronized,200000000,12,0,3,75,900035998,true
threads,concurrent-synchronized,200000000,12,0,4,75,900035998,true
threads,concurrent-synchronized,200000000,12,0,5,75,900035998,true
threads,concurrent-localsums,200000000,12,0,1,12,900035998,true
threads,concurrent-localsums,200000000,12,0,2,10,900035998,true
threads,concurrent-localsums,200000000,12,0,3,13,900035998,true
threads,concurrent-localsums,200000000,12,0,4,12,900035998,true
threads,concurrent-localsums,200000000,12,0,5,11,900035998,true
threads,concurrent-synchronized,200000000,16,0,1,75,900035998,true
threads,concurrent-synchronized,200000000,16,0,2,75,900035998,true
threads,concurrent-synchronized,200000000,16,0,3,75,900035998,true
threads,concurrent-synchronized,200000000,16,0,4,75,900035998,true
threads,concurrent-synchronized,200000000,16,0,5,75,900035998,true
threads,concurrent-localsums,200000000,16,0,1,9,900035998,true
threads,concurrent-localsums,200000000,16,0,2,10,900035998,true
threads,concurrent-localsums,200000000,16,0,3,10,900035998,true
threads,concurrent-localsums,200000000,16,0,4,10,900035998,true
threads,concurrent-localsums,200000000,16,0,5,9,900035998,true
threads,concurrent-synchronized,200000000,24,0,1,75,900035998,true
threads,concurrent-synchronized,200000000,24,0,2,76,900035998,true
threads,concurrent-synchronized,200000000,24,0,3,78,900035998,true
threads,concurrent-synchronized,200000000,24,0,4,78,900035998,true
threads,concurrent-synchronized,200000000,24,0,5,75,900035998,true
threads,concurrent-localsums,200000000,24,0,1,19,900035998,true
threads,concurrent-localsums,200000000,24,0,2,19,900035998,true
threads,concurrent-localsums,200000000,24,0,3,18,900035998,true
threads,concurrent-localsums,200000000,24,0,4,16,900035998,true
threads,concurrent-localsums,200000000,24,0,5,16,900035998,true
threshold,parallel-forkjoin,200000000,11,1000,1,14,900035998,true
threshold,parallel-forkjoin,200000000,11,1000,2,12,900035998,true
threshold,parallel-forkjoin,200000000,11,1000,3,14,900035998,true
threshold,parallel-forkjoin,200000000,11,1000,4,15,900035998,true
threshold,parallel-forkjoin,200000000,11,1000,5,16,900035998,true
threshold,parallel-forkjoin,200000000,11,10000,1,9,900035998,true
threshold,parallel-forkjoin,200000000,11,10000,2,9,900035998,true
threshold,parallel-forkjoin,200000000,11,10000,3,9,900035998,true
threshold,parallel-forkjoin,200000000,11,10000,4,8,900035998,true
threshold,parallel-forkjoin,200000000,11,10000,5,9,900035998,true
threshold,parallel-forkjoin,200000000,11,100000,1,7,900035998,true
threshold,parallel-forkjoin,200000000,11,100000,2,7,900035998,true
threshold,parallel-forkjoin,200000000,11,100000,3,8,900035998,true
threshold,parallel-forkjoin,200000000,11,100000,4,8,900035998,true
threshold,parallel-forkjoin,200000000,11,100000,5,8,900035998,true
threshold,parallel-forkjoin,200000000,11,1000000,1,7,900035998,true
threshold,parallel-forkjoin,200000000,11,1000000,2,8,900035998,true
threshold,parallel-forkjoin,200000000,11,1000000,3,8,900035998,true
threshold,parallel-forkjoin,200000000,11,1000000,4,8,900035998,true
threshold,parallel-forkjoin,200000000,11,1000000,5,7,900035998,true
threshold,parallel-forkjoin,200000000,11,10000000,1,9,900035998,true
threshold,parallel-forkjoin,200000000,11,10000000,2,8,900035998,true
threshold,parallel-forkjoin,200000000,11,10000000,3,9,900035998,true
threshold,parallel-forkjoin,200000000,11,10000000,4,9,900035998,true
threshold,parallel-forkjoin,200000000,11,10000000,5,9,900035998,true
threshold,parallel-forkjoin,200000000,11,100000000,1,37,900035998,true
threshold,parallel-forkjoin,200000000,11,100000000,2,37,900035998,true
threshold,parallel-forkjoin,200000000,11,100000000,3,37,900035998,true
threshold,parallel-forkjoin,200000000,11,100000000,4,37,900035998,true
threshold,parallel-forkjoin,200000000,11,100000000,5,37,900035998,true
threshold,parallel-forkjoin,200000000,11,200000000,1,74,900035998,true
threshold,parallel-forkjoin,200000000,11,200000000,2,74,900035998,true
threshold,parallel-forkjoin,200000000,11,200000000,3,75,900035998,true
threshold,parallel-forkjoin,200000000,11,200000000,4,74,900035998,true
threshold,parallel-forkjoin,200000000,11,200000000,5,74,900035998,true
race,concurrent-racy,10000000,8,0,1,-1,13372476,false
race,concurrent-racy,10000000,8,0,2,-1,14488363,false
race,concurrent-racy,10000000,8,0,3,-1,8920700,false
race,concurrent-racy,10000000,8,0,4,-1,8510188,false
race,concurrent-racy,10000000,8,0,5,-1,8069736,false
